1,6.875,2.875
2,6.875,3.125
3,7.125,2.875
4,7.125,3.125
5,15.875,9.125
6,15.875,8.875
7,18.875,3.875
8,18.875,4.125
9,19.125,3.875
10,19.125,4.125
11,17.125,19.875
12,16.875,19.875
13,21.875,19.125
14,21.875,18.875
15,19.875,6.875
16,19.875,7.125
17,20.125,6.875
18,20.125,7.125
19,17.875,18.875
20,17.875,19.125
21,18.125,18.875
22,18.125,19.125
23,21.125,5.875
24,20.875,6.125
25,8.125,4.875
26,7.875,5.125
27,9,0.125
28,9,-0.125
29,9.875,6.875
30,9.875,7.125
31,10.125,6.875
32,10.125,7.125
33,10.875,21.875
34,10.875,22.125
35,11.125,21.875
36,11.125,22.125
37,0.125,17
38,-0.125,17
39,24,14
40,13.875,0.875
41,13.875,1.125
42,14.125,0.875
43,14.125,1.125
44,11.875,16.875
45,11.875,17.125
46,12.125,16.875
47,12.125,17.125
48,14.875,3.875
49,14.875,4.125
50,15.125,3.875
51,15.125,4.125
52,13.125,20.125
53,13.125,19.875
54,2.875,1.875
55,2.875,2.125
56,3.125,1.875
57,3.125,2.125
58,4.125,5
59,3.875,5
60,5,24.125
61,5,23.875
62,15.875,0.125
63,15.875,-0.125
64,5.875,22.875
65,5.875,23.125
66,6.125,22.875
67,6.125,23.125
68,18.875,12.875
69,18.875,13.125
70,19.125,12.875
71,19.125,13.125
72,17,13.125
73,17,12.875
74,7.125,22.125
75,6.875,21.875
76,19.875,14.125
77,19.875,13.875
78,18.125,9.875
79,17.875,10.125
80,23.125,18.875
81,22.875,19.125
82,8,12.125
83,8,11.875
84,22.125,12.125
85,21.875,11.875
86,9.125,9
87,8.875,9
88,23.125,9.125
89,23.125,8.875
90,10.125,14.125
91,9.875,13.875
92,7.875,17.875
93,7.875,18.125
94,8.125,17.875
95,8.125,18.125
96,10.875,14.875
97,10.875,15.125
98,11.125,14.875
99,11.125,15.125
100,8.875,18.875
101,8.875,19.125
102,9.125,18.875
103,9.125,19.125
104,24.125,20.875
105,23.875,20.875
106,13.875,7.875
107,13.875,8.125
108,14.125,7.875
109,14.125,8.125
110,12,8.125
111,12,7.875
112,0.875,20.875
113,0.875,21.125
114,1.125,20.875
115,1.125,21.125
116,14.875,12.875
117,14.875,13.125
118,15.125,12.875
119,15.125,13.125
120,13.125,13.125
121,12.875,12.875
122,1.875,17.875
123,1.875,18.125
124,2.125,17.875
125,2.125,18.125
126,0,14
127,3.125,11.125
128,2.875,11.125
129,1.125,15
130,0.875,15
131,3.875,11.875
132,3.875,12.125
133,4.125,11.875
134,4.125,12.125
135,2.125,11.875
136,1.875,12.125
137,5.125,1.125
138,5.125,0.875
139,3.125,16.875
140,2.875,17.125
141,16.125,6.875
142,15.875,6.875
143,6.125,14.125
144,5.875,13.875
145,18.875,17.875
146,18.875,18.125
147,19.125,17.875
148,19.125,18.125
149,16.875,5.875
150,16.875,6.125
151,17.125,5.875
152,17.125,6.125
153,7.125,15.125
154,7.125,14.875
155,20.125,21.125
156,19.875,20.875
157,18.125,4.875
158,17.875,5.125
159,21.125,8.125
160,21.125,7.875
161,17.125,24.125
162,16.875,24.125
163,21.875,6.875
164,21.875,7.125
165,22.125,6.875
166,22.125,7.125
167,23.125,5.875
168,22.875,6.125
169,10.125,9
170,9.875,9
171,10.875,3.875
172,10.875,4.125
173,11.125,3.875
174,11.125,4.125
175,8.875,19.875
176,8.875,20.125
177,9.125,19.875
178,9.125,20.125
179,14.125,18.875
180,13.875,19.125
181,12,7.125
182,12,6.875
183,10.125,18.875
184,9.875,19.125
185,14.875,9.875
186,14.875,10.125
187,15.125,9.875
188,15.125,10.125
189,12.875,5.875
190,12.875,6.125
191,13.125,5.875
192,13.125,6.125
193,0.125,4.875
194,-0.125,5.125
195,24.125,2
196,23.875,2
197,1.125,-0.125
198,0.875,-0.125
199,4.125,10.875
200,3.875,11.125
201,2.125,7.125
202,1.875,7.125
203,4.875,9.875
204,4.875,10.125
205,5.125,9.875
206,5.125,10.125
207,3,22.125
208,3,21.875
209,5.875,0.875
210,5.875,1.125
211,6.125,0.875
212,6.125,1.125
213,4.125,17
214,3.875,17
215,6.875,3.875
216,6.875,4.125
217,7.125,3.875
218,7.125,4.125
219,5.125,20
220,4.875,20
221,16.125,20.125
222,16.125,19.875
223,20.875,16.875
224,20.875,17.125
225,21.125,16.875
226,21.125,17.125
227,18.875,0.875
228,18.875,1.125
229,19.125,0.875
230,19.125,1.125
231,17.125,17.125
232,16.875,16.875
233,18,22.125
234,18,21.875
235,8.125,0.125
236,7.875,-0.125
237,14.875,18.875
238,14.875,19.125
239,15.125,18.875
240,15.125,19.125
241,24,9
242,11.875,19.875
243,11.875,20.125
244,12.125,19.875
245,12.125,20.125
246,4,24.125
247,4,23.875
248,15.875,10.875
249,15.875,11.125
250,16.125,10.875
251,16.125,11.125
252,5.875,17.875
253,5.875,18.125
254,6.125,17.875
255,6.125,18.125
256,19.125,6
257,18.875,6
258,17.125,9.875
259,16.875,10.125
260,22,17
261,19.875,0.875
262,19.875,1.125
263,20.125,0.875
264,20.125,1.125
265,17.875,17.125
266,17.875,16.875
267,23.125,20.125
268,22.875,20.125
269,20.875,3.875
270,20.875,4.125
271,21.125,3.875
272,21.125,4.125
273,7.875,7.125
274,7.875,6.875
275,21.875,10.875
276,21.875,11.125
277,22.125,10.875
278,22.125,11.125
279,9.125,5.875
280,8.875,6.125
281,9.875,4.875
282,9.875,5.125
283,10.125,4.875
284,10.125,5.125
285,15.125,23.875
286,14.875,24.125
287,11.125,8.125
288,10.875,7.875
289,-0.125,18.875
290,-0.125,19.125
291,0.125,18.875
292,0.125,19.125
293,24.125,16.125
294,23.875,16.125
295,13.875,6.875
296,13.875,7.125
297,14.125,6.875
298,14.125,7.125
299,12.125,18.875
300,11.875,18.875
301,1.125,18
302,0.875,18
303,15.125,6
304,14.875,6
305,12.875,17.875
306,12.875,18.125
307,13.125,17.875
308,13.125,18.125
309,-0.125,8.875
310,-0.125,9.125
311,0.125,8.875
312,0.125,9.125
313,2.875,3.875
314,2.875,4.125
315,3.125,3.875
316,3.125,4.125
317,4.125,7.125
318,3.875,6.875
319,5.125,5.875
320,4.875,5.875
321,15.875,1.875
322,15.875,2.125
323,16.125,1.875
324,16.125,2.125
325,6.125,21.125
326,6.125,20.875
327,19,15
328,16.875,2.875
329,16.875,3.125
330,17.125,2.875
331,17.125,3.125
332,19.875,7.875
333,19.875,8.125
334,20.125,7.875
335,20.125,8.125
336,17.875,7.875
337,17.875,8.125
338,18.125,7.875
339,18.125,8.125
340,16.125,24.125
341,15.875,23.875
342,20.875,12.875
343,20.875,13.125
344,21.125,12.875
345,21.125,13.125
346,7.875,13.875
347,7.875,14.125
348,8.125,13.875
349,8.125,14.125
350,22.125,2.125
351,22.125,1.875
352,8.875,14.875
353,8.875,15.125
354,9.125,14.875
355,9.125,15.125
356,22.875,10.875
357,22.875,11.125
358,23.125,10.875
359,23.125,11.125
360,10.125,12.125
361,9.875,11.875
362,7.875,19.875
363,7.875,20.125
364,8.125,19.875
365,8.125,20.125
366,10.875,0.875
367,10.875,1.125
368,11.125,0.875
369,11.125,1.125
370,9.125,16.875
371,8.875,17.125
372,24.125,23.125
373,23.875,23.125
374,13.875,13.875
375,13.875,14.125
376,14.125,13.875
377,14.125,14.125
378,12.125,9.875
379,11.875,10.125
380,9.875,21.875
381,9.875,22.125
382,10.125,21.875
383,10.125,22.125
384,14.875,15.125
385,14.875,14.875
386,12.875,10.875
387,12.875,11.125
388,13.125,10.875
389,13.125,11.125
390,1.875,15.875
391,1.875,16.125
392,2.125,15.875
393,2.125,16.125
394,0.125,-0.125
395,-0.125,-0.125
396,2.875,12.875
397,2.875,13.125
398,3.125,12.875
399,3.125,13.125
400,1.125,12.875
401,0.875,13.125
402,4.125,14.125
403,3.875,13.875
404,2.125,9.875
405,1.875,10.125
406,4.875,14.875
407,4.875,15.125
408,5.125,14.875
409,5.125,15.125
410,2.875,18.875
411,2.875,19.125
412,3.125,18.875
413,3.125,19.125
414,5.875,11.875
415,5.875,12.125
416,6.125,11.875
417,6.125,12.125
418,4.125,19.875
419,3.875,20.125
420,18.875,20.125
421,18.875,19.875
422,16.875,3.875
423,16.875,4.125
424,17.125,3.875
425,17.125,4.125
426,6.875,8.875
427,6.875,9.125
428,7.125,8.875
429,7.125,9.125
430,19.875,22.875
431,19.875,23.125
432,20.125,22.875
433,20.125,23.125
434,18,3.125
435,18,2.875
436,20.875,21.875
437,20.875,22.125
438,21.125,21.875
439,21.125,22.125
440,21.875,4.875
441,21.875,5.125
442,22.125,4.875
443,22.125,5.125
444,22.875,-0.125
445,22.875,0.125
446,23.125,-0.125
447,23.125,0.125
448,10.875,5.875
449,10.875,6.125
450,11.125,5.875
451,11.125,6.125
452,14.125,16.875
453,13.875,17.125
454,11.875,0.875
455,11.875,1.125
456,12.125,0.875
457,12.125,1.125
458,9.875,16.875
459,9.875,17.125
460,10.125,16.875
461,10.125,17.125
462,15.125,19.875
463,14.875,20.125
464,12.875,3.875
465,12.875,4.125
466,13.125,3.875
467,13.125,4.125
468,0.125,7
469,-0.125,7
470,23.875,3.875
471,23.875,4.125
472,24.125,3.875
473,24.125,4.125
474,0.875,5.875
475,0.875,6.125
476,1.125,5.875
477,1.125,6.125
478,2.125,5
479,1.875,5
480,4.875,8.125
481,4.875,7.875
482,3,24.125
483,3,23.875
484,5.875,6.875
485,5.875,7.125
486,6.125,6.875
487,6.125,7.125
488,4.125,19.125
489,3.875,18.875
490,6.875,5.875
491,6.875,6.125
492,7.125,5.875
493,7.125,6.125
494,4.875,17.875
495,4.875,18.125
496,5.125,17.875
497,5.125,18.125
498,15.875,21.875
499,15.875,22.125
500,16.125,21.875
501,16.125,22.125
502,18.875,2.875
503,18.875,3.125
504,19.125,2.875
505,19.125,3.125
506,17.125,23.125
507,16.875,22.875
508,19.875,3.875
509,19.875,4.125
510,20.125,3.875
511,20.125,4.125
512,18.125,20.125
513,17.875,20.125
514,8.125,2
515,7.875,2
516,8.875,2.875
517,8.875,3.125
518,9.125,2.875
519,9.125,3.125
520,14.125,24.125
521,14.125,23.875
522,9.875,24.125
523,9.875,23.875
524,10.875,20.875
525,10.875,21.125
526,11.125,20.875
527,11.125,21.125
528,24.125,11.125
529,23.875,10.875
530,13.875,1.875
531,13.875,2.125
532,14.125,1.875
533,14.125,2.125
534,12,22
535,13.125,22.875
536,12.875,23.125
537,2.875,0.875
538,2.875,1.125
539,3.125,0.875
540,3.125,1.125
541,16.125,13.125
542,15.875,12.875
543,6.125,15.875
544,5.875,15.875
545,21.125,24.125
546,21.125,23.875
547,18.875,7.875
548,18.875,8.125
549,19.125,7.875
550,19.125,8.125
551,16.875,7.875
552,16.875,8.125
553,17.125,7.875
554,17.125,8.125
555,7.125,21.125
556,6.875,21.125
557,21.875,23.125
558,21.875,22.875
559,19.875,2.875
560,19.875,3.125
561,20.125,2.875
562,20.125,3.125
563,18.125,15.125
564,17.875,15.125
565,23,22.125
566,23,21.875
567,20.875,1.875
568,20.875,2.125
569,21.125,1.875
570,21.125,2.125
571,7.875,8.875
572,7.875,9.125
573,8.125,8.875
574,8.125,9.125
575,22.125,9.125
576,21.875,8.875
577,9.125,3.875
578,8.875,4.125
579,22.875,11.875
580,22.875,12.125
581,23.125,11.875
582,23.125,12.125
583,10.125,3
584,9.875,3
585,10.875,9.875
586,10.875,10.125
587,11.125,9.875
588,11.125,10.125
589,-0.125,21.125
590,-0.125,20.875
591,24.125,17.875
592,23.875,17.875
593,13.875,4.875
594,13.875,5.125
595,14.125,4.875
596,14.125,5.125
597,12.125,13.125
598,12.125,12.875
599,1.125,15.875
600,0.875,16.125
601,15.125,-0.125
602,14.875,0.125
603,12.875,15.875
604,12.875,16.125
605,13.125,15.875
606,13.125,16.125
607,1.875,22.875
608,1.875,23.125
609,2.125,22.875
610,2.125,23.125
611,0.125,11.125
612,-0.125,10.875
613,3.125,6.125
614,2.875,5.875
615,3.875,0.875
616,3.875,1.125
617,4.125,0.875
618,4.125,1.125
619,4.875,3.875
620,4.875,4.125
621,5.125,3.875
622,5.125,4.125
623,16.125,4.125
624,15.875,3.875
625,5.875,10.875
626,5.875,11.125
627,6.125,10.875
628,6.125,11.125
629,18.875,16.875
630,18.875,17.125
631,19.125,16.875
632,19.125,17.125
633,16.875,0.875
634,16.875,1.125
635,17.125,0.875
636,17.125,1.125
637,7,18.125
638,7,17.875
639,20.125,10
640,19.875,10
641,17.875,5.875
642,17.875,6.125
643,18.125,5.875
644,18.125,6.125
645,20.875,10.875
646,20.875,11.125
647,21.125,10.875
648,21.125,11.125
649,22.125,0.125
650,21.875,-0.125
651,8.875,12.875
652,8.875,13.125
653,9.125,12.875
654,9.125,13.125
655,22.875,4.875
656,22.875,5.125
657,23.125,4.875
658,23.125,5.125
659,10.125,10.125
660,9.875,9.875
661,8.125,21.875
662,7.875,22.125
663,11.125,3
664,10.875,3
665,8.875,22.875
666,8.875,23.125
667,9.125,22.875
668,9.125,23.125
669,13.875,11.875
670,13.875,12.125
671,14.125,11.875
672,14.125,12.125
673,11.875,3.875
674,11.875,4.125
675,12.125,3.875
676,12.125,4.125
677,9.875,19.875
678,9.875,20.125
679,10.125,19.875
680,10.125,20.125
681,15.125,8.875
682,14.875,9.125
683,12.875,8.875
684,12.875,9.125
685,13.125,8.875
686,13.125,9.125
687,0.125,1.875
688,-0.125,1.875
689,2.875,14.875
690,2.875,15.125
691,3.125,14.875
692,3.125,15.125
693,0.875,2.875
694,0.875,3.125
695,1.125,2.875
696,1.125,3.125
697,4.125,7.875
698,3.875,8.125
699,2.125,8.125
700,2.125,7.875
701,5.125,12.875
702,4.875,13.125
703,3.125,20.875
704,2.875,21.125
705,5.875,1.875
706,5.875,2.125
707,6.125,1.875
708,6.125,2.125
709,4,22.125
710,4,21.875
711,19,22.125
712,19,21.875
713,7.125,10.875
714,6.875,11.125
715,5,23.125
716,5,22.875
717,19.875,16.875
718,19.875,17.125
719,20.125,16.875
720,20.125,17.125
721,17.875,0.875
722,17.875,1.125
723,18.125,0.875
724,18.125,1.125
725,16.125,17.125
726,15.875,16.875
727,20.875,19.875
728,20.875,20.125
729,21.125,19.875
730,21.125,20.125
731,23.125,2
732,22.875,2
733,9.125,24.125
734,8.875,24.125
735,11.875,2.875
736,11.875,3.125
737,12.125,2.875
738,12.125,3.125
739,15.125,22.125
740,14.875,21.875
741,12.875,1.875
742,12.875,2.125
743,13.125,1.875
744,13.125,2.125
745,23.875,5.875
746,23.875,6.125
747,24.125,5.875
748,24.125,6.125
749,1.125,4.125
750,1.125,3.875
751,1.875,2.875
752,1.875,3.125
753,2.125,2.875
754,2.125,3.125
755,5.875,4.875
756,5.875,5.125
757,6.125,4.875
758,6.125,5.125
759,5.125,15.875
760,4.875,15.875
761,19.875,23.875
762,19.875,24.125
763,20.125,23.875
764,20.125,24.125
765,15.875,7.875
766,15.875,8.125
767,16.125,7.875
768,16.125,8.125
769,19.125,4.875
770,18.875,4.875
771,17.125,20.875
772,16.875,21.125
773,22,18.125
774,22,17.875
775,20.125,5.875
776,19.875,5.875
777,17.875,17.875
778,17.875,18.125
779,18.125,17.875
780,18.125,18.125
781,21,7.125
782,21,6.875
783,8.125,3.875
784,7.875,4.125
785,9.125,0.875
786,8.875,0.875
787,9.875,6.125
788,9.875,5.875
789,11.125,23
790,10.875,23
791,0.125,15.875
792,-0.125,15.875
793,24.125,13.125
794,23.875,12.875
795,13.875,-0.125
796,13.875,0.125
797,14.125,-0.125
798,14.125,0.125
799,11.875,15.875
800,11.875,16.125
801,12.125,15.875
802,12.125,16.125
803,14.875,4.875
804,14.875,5.125
805,15.125,4.875
806,15.125,5.125
807,13,21.125
808,13,20.875
809,3.125,3
810,2.875,3
811,3.875,3.875
812,3.875,4.125
813,4.125,3.875
814,4.125,4.125
815,15.875,14.875
816,15.875,15.125
817,16.125,14.875
818,16.125,15.125
819,6,22
820,19.125,9.875
821,18.875,10.125
822,16.875,14.125
823,16.875,13.875
824,6.875,22.875
825,6.875,23.125
826,7.125,22.875
827,7.125,23.125
828,21.875,20.875
829,21.875,21.125
830,22.125,20.875
831,22.125,21.125
832,20.125,13.125
833,20.125,12.875
834,18.125,13.125
835,17.875,12.875
836,23.125,16
837,22.875,16
838,21.125,-0.125
839,20.875,0.125
840,8.125,10.875
841,7.875,11.125
842,21.875,14.875
843,21.875,15.125
844,22.125,14.875
845,22.125,15.125
846,8.875,9.875
847,8.875,10.125
848,9.125,9.875
849,9.125,10.125
850,23.125,14.125
851,22.875,14.125
852,10.125,0.875
853,9.875,1.125
854,7.875,16.875
855,7.875,17.125
856,8.125,16.875
857,8.125,17.125
858,10.875,11.875
859,10.875,12.125
860,11.125,11.875
861,11.125,12.125
862,0.125,23.125
863,-0.125,23.125
864,24.125,20.125
865,23.875,20.125
866,13.875,10.875
867,13.875,11.125
868,14.125,10.875
869,14.125,11.125
870,12.125,14.875
871,11.875,15.125
872,1.125,21.875
873,0.875,22.125
874,14.875,1.875
875,14.875,2.125
876,15.125,1.875
877,15.125,2.125
878,12.875,13.875
879,12.875,14.125
880,13.125,13.875
881,13.125,14.125
882,1.875,20.875
883,1.875,21.125
884,2.125,20.875
885,2.125,21.125
886,0.125,12.875
887,-0.125,13.125
888,3.125,7.875
889,2.875,8.125
890,0.875,7.875
891,0.875,8.125
892,1.125,7.875
893,1.125,8.125
894,3.875,2.875
895,3.875,3.125
896,4.125,2.875
897,4.125,3.125
898,2.125,14.875
899,1.875,14.875
900,5.125,2.125
901,4.875,1.875
902,6.125,8.875
903,5.875,9.125
904,19,19.125
905,19,18.875
906,16.875,6.875
907,16.875,7.125
908,17.125,6.875
909,17.125,7.125
910,6.875,11.875
911,6.875,12.125
912,7.125,11.875
913,7.125,12.125
914,20,20.125
915,20,19.875
916,18,4.125
917,18,3.875
918,21.125,8.875
919,20.875,9.125
920,22.125,6.125
921,21.875,5.875
922,23.125,6.875
923,22.875,7.125
924,10.125,8
925,9.875,8
926,8.125,24.125
927,7.875,23.875
928,10.875,4.875
929,10.875,5.125
930,11.125,4.875
931,11.125,5.125
932,9,21.125
933,9,20.875
934,13.875,17.875
935,13.875,18.125
936,14.125,17.875
937,14.125,18.125
938,12.125,6.125
939,11.875,5.875
940,10.125,18.125
941,9.875,18.125
942,14.875,10.875
943,14.875,11.125
944,15.125,10.875
945,15.125,11.125
946,13.125,7.125
947,12.875,6.875
948,-0.125,3.875
949,-0.125,4.125
950,0.125,3.875
951,0.125,4.125
952,24.125,1
953,23.875,1
954,1.125,0.875
955,0.875,1.125
956,3.875,9.875
957,3.875,10.125
958,4.125,9.875
959,4.125,10.125
960,1.875,5.875
961,1.875,6.125
962,2.125,5.875
963,2.125,6.125
964,4.875,10.875
965,4.875,11.125
966,5.125,10.875
967,5.125,11.125
968,3,23.125
969,3,22.875
970,6.125,-0.125
971,5.875,0.125
972,4.125,16
973,3.875,16
974,18.875,23.875
975,18.875,24.125
976,19.125,23.875
977,19.125,24.125
978,6.875,4.875
979,6.875,5.125
980,7.125,4.875
981,7.125,5.125
982,4.875,20.875
983,4.875,21.125
984,5.125,20.875
985,5.125,21.125
986,19.875,18.875
987,19.875,19.125
988,20.125,18.875
989,20.125,19.125
990,16.125,19.125
991,16.125,18.875
992,20.875,17.875
993,20.875,18.125
994,21.125,17.875
995,21.125,18.125
996,16.875,18.125
997,16.875,17.875
998,13.875,20.875
999,13.875,21.125
1000,14.125,20.875
1001,14.125,21.125
1002,15.125,15.875
1003,14.875,16.125
1004,13,0.125
1005,13,-0.125
1006,11.125,15.875
1007,10.875,16.125
1008,24.125,8.125
1009,24.125,7.875
1010,2,1.125
1011,2,0.875
1012,6.875,1.875
1013,6.875,2.125
1014,7.125,1.875
1015,7.125,2.125
1016,16.125,10.125
1017,15.875,9.875
1018,19.125,7
1019,18.875,7
1020,16.875,10.875
1021,16.875,11.125
1022,17.125,10.875
1023,17.125,11.125
1024,7.125,23.875
1025,6.875,24.125
1026,22.125,16.125
1027,21.875,15.875
1028,19.875,0.125
1029,19.875,-0.125
1030,18.125,16.125
1031,18.125,15.875
1032,23.125,21.125
1033,23.125,20.875
1034,21.125,5
1035,20.875,5
1036,8,6.125
1037,8,5.875
1038,21.875,9.875
1039,21.875,10.125
1040,22.125,9.875
1041,22.125,10.125
1042,8.875,6.875
1043,8.875,7.125
1044,9.125,6.875
1045,9.125,7.125
1046,9.875,3.875
1047,9.875,4.125
1048,10.125,3.875
1049,10.125,4.125
1050,11.125,9
1051,10.875,9
1052,0.125,18
1053,-0.125,18
1054,24.125,14.875
1055,23.875,15.125
1056,13.875,5.875
1057,13.875,6.125
1058,14.125,5.875
1059,14.125,6.125
1060,11.875,18.125
1061,11.875,17.875
1062,0.875,18.875
1063,0.875,19.125
1064,1.125,18.875
1065,1.125,19.125
1066,14.875,6.875
1067,14.875,7.125
1068,15.125,6.875
1069,15.125,7.125
1070,13.125,19.125
1071,12.875,19.125
1072,2.125,23.875
1073,1.875,24.125
1074,-0.125,7.875
1075,-0.125,8.125
1076,0.125,7.875
1077,0.125,8.125
1078,3,5
1079,3.875,5.875
1080,3.875,6.125
1081,4.125,5.875
1082,4.125,6.125
1083,5.125,6.875
1084,4.875,7.125
1085,15.875,0.875
1086,15.875,1.125
1087,16.125,0.875
1088,16.125,1.125
1089,6.125,20.125
1090,5.875,20.125
1091,18.875,11.875
1092,18.875,12.125
1093,19.125,11.875
1094,19.125,12.125
1095,17.125,12.125
1096,16.875,12.125
1097,7,17.125
1098,7,16.875
1099,20.125,14.875
1100,19.875,14.875
1101,17.875,10.875
1102,17.875,11.125
1103,18.125,10.875
1104,18.125,11.125
1105,23.125,18.125
1106,22.875,17.875
1107,21.125,14.125
1108,20.875,13.875
1109,8.125,13.125
1110,7.875,12.875
1111,21.875,12.875
1112,21.875,13.125
1113,22.125,12.875
1114,22.125,13.125
1115,9.125,7.875
1116,8.875,8.125
1117,22.875,7.875
1118,22.875,8.125
1119,23.125,7.875
1120,23.125,8.125
1121,9.875,14.875
1122,9.875,15.125
1123,10.125,14.875
1124,10.125,15.125
1125,8.125,19
1126,7.875,19
1127,10.875,13.875
1128,10.875,14.125
1129,11.125,13.875
1130,11.125,14.125
1131,8.875,17.875
1132,8.875,18.125
1133,9.125,17.875
1134,9.125,18.125
1135,23.875,21.875
1136,23.875,22.125
1137,24.125,21.875
1138,24.125,22.125
1139,13.875,8.875
1140,13.875,9.125
1141,14.125,8.875
1142,14.125,9.125
1143,11.875,9.125
1144,11.875,8.875
1145,0.875,19.875
1146,0.875,20.125
1147,1.125,19.875
1148,1.125,20.125
1149,15.125,11.875
1150,14.875,12.125
1151,13.125,12.125
1152,12.875,11.875
1153,1.875,18.875
1154,1.875,19.125
1155,2.125,18.875
1156,2.125,19.125
1157,2.875,9.875
1158,2.875,10.125
1159,3.125,9.875
1160,3.125,10.125
1161,1.125,14
1162,0.875,14
1163,4.125,13
1164,3.875,13
1165,1.875,13.125
1166,1.875,12.875
1167,4.875,0.125
1168,4.875,-0.125
1169,3.125,16.125
1170,2.875,16.125
1171,6,15.125
1172,6,14.875
1173,19.125,21.125
1174,19.125,20.875
1175,16.875,4.875
1176,16.875,5.125
1177,17.125,4.875
1178,17.125,5.125
1179,6.875,14.125
1180,6.875,13.875
1181,20.125,22.125
1182,19.875,21.875
1183,18,2.125
1184,18,1.875
1185,21.125,23.125
1186,20.875,22.875
1187,21.875,3.875
1188,21.875,4.125
1189,22.125,3.875
1190,22.125,4.125
1191,22.875,0.875
1192,22.875,1.125
1193,23.125,0.875
1194,23.125,1.125
1195,10.875,6.875
1196,10.875,7.125
1197,11.125,6.875
1198,11.125,7.125
1199,13.875,16.125
1200,13.875,15.875
1201,11.875,-0.125
1202,11.875,0.125
1203,12.125,-0.125
1204,12.125,0.125
1205,10.125,16
1206,9.875,16
1207,15,21.125
1208,15,20.875
1209,12.875,4.875
1210,12.875,5.125
1211,13.125,4.875
1212,13.125,5.125
1213,0.125,6.125
1214,-0.125,5.875
1215,23.875,2.875
1216,23.875,3.125
1217,24.125,2.875
1218,24.125,3.125
1219,1.125,7.125
1220,0.875,7.125
1221,1.875,3.875
1222,1.875,4.125
1223,2.125,3.875
1224,2.125,4.125
1225,5.125,8.875
1226,4.875,8.875
1227,5.875,5.875
1228,5.875,6.125
1229,6.125,5.875
1230,6.125,6.125
1231,3.875,17.875
1232,3.875,18.125
1233,4.125,17.875
1234,4.125,18.125
1235,7.125,7.125
1236,6.875,6.875
1237,5.125,19
1238,4.875,19
1239,16.125,20.875
1240,15.875,21.125
1241,6.125,24.125
1242,5.875,23.875
1243,21.125,16.125
1244,20.875,15.875
1245,19.125,-0.125
1246,18.875,0.125
1247,16.875,15.875
1248,16.875,16.125
1249,17.125,15.875
1250,17.125,16.125
1251,18.125,22.875
1252,17.875,23.125
1253,7.875,0.875
1254,7.875,1.125
1255,8.125,0.875
1256,8.125,1.125
1257,14.875,17.875
1258,14.875,18.125
1259,15.125,17.875
1260,15.125,18.125
1261,11.125,18.125
1262,10.875,18.125
1263,24.125,9.875
1264,23.875,9.875
1265,11.875,20.875
1266,11.875,21.125
1267,12.125,20.875
1268,12.125,21.125
1269,1.125,24.125
1270,0.875,24.125
1271,13.125,23.875
1272,12.875,24.125
1273,16.125,12.125
1274,15.875,12.125
1275,6.125,19.125
1276,5.875,18.875
1277,19.125,9.125
1278,18.875,9.125
1279,17.125,9.125
1280,16.875,8.875
1281,21.875,21.875
1282,21.875,22.125
1283,22.125,21.875
1284,22.125,22.125
1285,19.875,1.875
1286,19.875,2.125
1287,20.125,1.875
1288,20.125,2.125
1289,17.875,13.875
1290,17.875,14.125
1291,18.125,13.875
1292,18.125,14.125
1293,23.125,23.125
1294,23.125,22.875
1295,20.875,2.875
1296,20.875,3.125
1297,21.125,2.875
1298,21.125,3.125
1299,8.125,8.125
1300,7.875,7.875
1301,22.125,7.875
1302,21.875,8.125
1303,9,5.125
1304,9,4.875
1305,22.875,12.875
1306,22.875,13.125
1307,23.125,12.875
1308,23.125,13.125
1309,10.125,1.875
1310,9.875,2.125
1311,10.875,10.875
1312,10.875,11.125
1313,11.125,10.875
1314,11.125,11.125
1315,0.125,19.875
1316,-0.125,20.125
1317,13.875,3.875
1318,13.875,4.125
1319,14.125,3.875
1320,14.125,4.125
1321,12.125,11.875
1322,11.875,12.125
1323,1.125,17.125
1324,0.875,16.875
1325,14.875,0.875
1326,14.875,1.125
1327,15.125,0.875
1328,15.125,1.125
1329,12.875,16.875
1330,12.875,17.125
1331,13.125,16.875
1332,13.125,17.125
1333,1.875,21.875
1334,1.875,22.125
1335,2.125,21.875
1336,2.125,22.125
1337,0.125,10.125
1338,-0.125,10.125
1339,2.875,6.875
1340,2.875,7.125
1341,3.125,6.875
1342,3.125,7.125
1343,1.125,10.875
1344,0.875,11.125
1345,4.125,-0.125
1346,3.875,-0.125
1347,5.125,5.125
1348,4.875,5.125
1349,15.875,2.875
1350,15.875,3.125
1351,16.125,2.875
1352,16.125,3.125
1353,5.875,9.875
1354,5.875,10.125
1355,6.125,9.875
1356,6.125,10.125
1357,19.125,14.125
1358,18.875,13.875
1359,17.125,1.875
1360,16.875,2.125
1361,7.125,19.125
1362,7.125,18.875
1363,20.125,9.125
1364,19.875,8.875
1365,18.125,9
1366,17.875,9
1367,21.125,12.125
1368,20.875,11.875
1369,8.125,15.125
1370,7.875,14.875
1371,22.125,3.125
1372,22.125,2.875
1373,9.125,13.875
1374,8.875,14.125
1375,23.125,9.875
1376,22.875,10.125
1377,10.125,13.125
1378,9.875,12.875
1379,7.875,21.125
1380,7.875,20.875
1381,10.875,0.125
1382,10.875,-0.125
1383,24.125,24.125
1384,24.125,23.875
1385,14.125,15.125
1386,13.875,15.125
1387,12.125,11
1388,11.875,11
1389,10.125,23.125
1390,9.875,23.125
1391,15.125,13.875
1392,14.875,14.125
1393,12.875,9.875
1394,12.875,10.125
1395,13.125,9.875
1396,13.125,10.125
1397,1.875,16.875
1398,1.875,17.125
1399,2.125,16.875
1400,2.125,17.125
1401,0.125,1.125
1402,-0.125,1.125
1403,2.875,11.875
1404,2.875,12.125
1405,3.125,11.875
1406,3.125,12.125
1407,1.125,12.125
1408,0.875,12.125
1409,3.875,14.875
1410,3.875,15.125
1411,4.125,14.875
1412,4.125,15.125
1413,2.125,10.875
1414,1.875,10.875
1415,5.125,14.125
1416,4.875,13.875
1417,3.125,18.125
1418,2.875,17.875
1419,5.875,12.875
1420,5.875,13.125
1421,6.125,12.875
1422,6.125,13.125
1423,4.125,21.125
1424,3.875,20.875
1425,19.125,23.125
1426,18.875,22.875
1427,7.125,7.875
1428,6.875,8.125
1429,20.125,16
1430,19.875,16
1431,17.875,-0.125
1432,17.875,0.125
1433,18.125,-0.125
1434,18.125,0.125
1435,16.125,15.875
1436,15.875,16.125
1437,20.875,20.875
1438,20.875,21.125
1439,21.125,20.875
1440,21.125,21.125
1441,23.125,2.875
1442,22.875,3.125
1443,14.125,22.125
1444,13.875,21.875
1445,11.875,1.875
1446,11.875,2.125
1447,12.125,1.875
1448,12.125,2.125
1449,14.875,22.875
1450,14.875,23.125
1451,15.125,22.875
1452,15.125,23.125
1453,12.875,2.875
1454,12.875,3.125
1455,13.125,2.875
1456,13.125,3.125
1457,0,24
1458,23.875,4.875
1459,23.875,5.125
1460,24.125,4.875
1461,24.125,5.125
1462,12.125,24.125
1463,12.125,23.875
1464,1.125,4.875
1465,0.875,5.125
1466,1.875,1.875
1467,1.875,2.125
1468,2.125,1.875
1469,2.125,2.125
1470,5.875,3.875
1471,5.875,4.125
1472,6.125,3.875
1473,6.125,4.125
1474,6.875,0.875
1475,6.875,1.125
1476,7.125,0.875
1477,7.125,1.125
1478,5.125,16.875
1479,4.875,17.125
1480,15.875,22.875
1481,15.875,23.125
1482,16.125,22.875
1483,16.125,23.125
1484,18.875,1.875
1485,18.875,2.125
1486,19.125,1.875
1487,19.125,2.125
1488,16.875,22.125
1489,16.875,21.875
1490,20,5
1491,18,21.125
1492,18,20.875
1493,23,24.125
1494,23,23.875
1495,7.875,2.875
1496,7.875,3.125
1497,8.125,2.875
1498,8.125,3.125
1499,8.875,1.875
1500,8.875,2.125
1501,9.125,1.875
1502,9.125,2.125
1503,11.125,20.125
1504,11.125,19.875
1505,24.125,11.875
1506,23.875,12.125
1507,13.875,2.875
1508,13.875,3.125
1509,14.125,2.875
1510,14.125,3.125
1511,11.875,23.125
1512,11.875,22.875
1513,12.875,22.125
1514,12.875,21.875
1515,3.125,-0.125
1516,2.875,-0.125
1517,15.875,13.875
1518,15.875,14.125
1519,16.125,13.875
1520,16.125,14.125
1521,5.875,16.875
1522,5.875,17.125
1523,6.125,16.875
1524,6.125,17.125
1525,18.875,10.875
1526,18.875,11.125
1527,19.125,10.875
1528,19.125,11.125
1529,17.125,14.875
1530,16.875,15.125
1531,7.125,20.125
1532,6.875,19.875
1533,22.125,20.125
1534,22.125,19.875
1535,20.125,12.125
1536,20.125,11.875
1537,18.125,12
1538,17.875,12
1539,23.125,17
1540,22.875,17
1541,20.875,0.875
1542,20.875,1.125
1543,21.125,0.875
1544,21.125,1.125
1545,7.875,9.875
1546,7.875,10.125
1547,8.125,9.875
1548,8.125,10.125
1549,22.125,14
1550,21.875,14
1551,8.875,10.875
1552,8.875,11.125
1553,9.125,10.875
1554,9.125,11.125
1555,22.875,14.875
1556,22.875,15.125
1557,23.125,14.875
1558,23.125,15.125
1559,10.125,-0.125
1560,9.875,0.125
1561,8.125,16
1562,7.875,16
1563,10.875,12.875
1564,10.875,13.125
1565,11.125,12.875
1566,11.125,13.125
1567,0.125,21.875
1568,-0.125,21.875
1569,24.125,19
1570,23.875,19
1571,13.875,9.875
1572,13.875,10.125
1573,14.125,9.875
1574,14.125,10.125
1575,11.875,14.125
1576,11.875,13.875
1577,1.125,22.875
1578,0.875,22.875
1579,15.125,2.875
1580,14.875,3.125
1581,13.125,14.875
1582,12.875,14.875
1583,2.125,20
1584,1.875,20
1585,0.125,12
1586,-0.125,12
1587,3.125,9.125
1588,2.875,8.875
1589,0.875,8.875
1590,0.875,9.125
1591,1.125,8.875
1592,1.125,9.125
1593,4.125,1.875
1594,3.875,1.875
1595,4.875,2.875
1596,4.875,3.125
1597,5.125,2.875
1598,5.125,3.125
1599,15.875,5.125
1600,15.875,4.875
1601,5.875,7.875
1602,5.875,8.125
1603,6.125,7.875
1604,6.125,8.125
1605,19.125,15.875
1606,18.875,15.875
1607,16.875,-0.125
1608,16.875,0.125
1609,17.125,-0.125
1610,17.125,0.125
1611,7.125,13.125
1612,7.125,12.875
1613,20.125,10.875
1614,19.875,11.125
1615,17.875,6.875
1616,17.875,7.125
1617,18.125,6.875
1618,18.125,7.125
1619,21.125,10
1620,20.875,10
1621,21.875,0.875
1622,21.875,1.125
1623,22.125,0.875
1624,22.125,1.125
1625,8.875,11.875
1626,8.875,12.125
1627,9.125,11.875
1628,9.125,12.125
1629,22.875,3.875
1630,22.875,4.125
1631,23.125,3.875
1632,23.125,4.125
1633,9.875,11.125
1634,9.875,10.875
1635,7.875,22.875
1636,7.875,23.125
1637,8.125,22.875
1638,8.125,23.125
1639,11.125,2
1640,10.875,2
1641,9.125,22.125
1642,8.875,21.875
1643,13.875,12.875
1644,13.875,13.125
1645,14.125,12.875
1646,14.125,13.125
1647,11.875,4.875
1648,11.875,5.125
1649,12.125,4.875
1650,12.125,5.125
1651,9.875,20.875
1652,9.875,21.125
1653,10.125,20.875
1654,10.125,21.125
1655,14.875,7.875
1656,14.875,8.125
1657,15.125,7.875
1658,15.125,8.125
1659,12.875,7.875
1660,12.875,8.125
1661,13.125,7.875
1662,13.125,8.125
1663,10.875,23.875
1664,10.875,24.125
1665,11.125,23.875
1666,11.125,24.125
1667,-0.125,2.875
1668,-0.125,3.125
1669,0.125,2.875
1670,0.125,3.125
1671,24.125,-0.125
1672,23.875,0.125
1673,2.875,13.875
1674,2.875,14.125
1675,3.125,13.875
1676,3.125,14.125
1677,1.125,2.125
1678,0.875,1.875
1679,3.875,8.875
1680,3.875,9.125
1681,4.125,8.875
1682,4.125,9.125
1683,2.125,8.875
1684,1.875,9.125
1685,4.875,11.875
1686,4.875,12.125
1687,5.125,11.875
1688,5.125,12.125
1689,2.875,19.875
1690,2.875,20.125
1691,3.125,19.875
1692,3.125,20.125
1693,5.875,3.125
1694,5.875,2.875
1695,4,23.125
1696,4,22.875
1697,6.875,9.875
1698,6.875,10.125
1699,7.125,9.875
1700,7.125,10.125
1701,5.125,22.125
1702,4.875,21.875
1703,19.875,17.875
1704,19.875,18.125
1705,20.125,17.875
1706,20.125,18.125
1707,16.125,18.125
1708,15.875,17.875
1709,21.125,19.125
1710,20.875,18.875
1711,16.875,19.125
1712,16.875,18.875
1713,21.875,24.125
1714,21.875,23.875
1715,18.125,23.875
1716,17.875,24.125
1717,14.125,19.875
1718,13.875,19.875
1719,15.125,17
1720,14.875,17
1721,13,1.125
1722,13,0.875
1723,10.875,16.875
1724,10.875,17.125
1725,11.125,16.875
1726,11.125,17.125
1727,24.125,7.125
1728,23.875,7.125
1729,2,0
