1,0.25
2,0.75
3,0.25
4,1.0
5,0.25
6,0.75
7,0.25
8,0.25
9,1.0
10,0.25
11,0.75
12,0.25
13,0.875
14,0.25
15,0.75
16,0.25
17,1.0
18,0.25
19,0.25
20,1.25
21,0.25
22,1.0
23,0.25
24,0.25
25,0.875
26,0.25
27,0.75
28,0.25
29,0.75
30,0.25
31,1.0
32,0.25
33,0.875
34,0.25
35,1.0
36,0.75
37,1.125
38,0.875
39,1.0
40,0.875
41,1.125
42,0.25
43,0.25
44,0.75
45,0.25
46,0.75
47,0.25
48,0.875
49,0.25
50,0.75
51,0.25
52,0.75
53,0.25
54,0.25
55,0.875
56,1.0
57,1.125
58,0.25
59,0.75
60,0.25
61,0.875
62,0.25
63,0.75
64,0.25
65,0.25
66,0.75
67,0.25
68,0.75
69,0.25
70,0.75
71,0.25
72,0.25
73,0.25
74,0.75
75,0.25
76,0.75
77,0.25
78,0.75
79,1.0
80,0.25
81,0.25
82,0.75
83,0.25
84,0.75
85,0.25
86,0.25
87,0.875
88,0.875
89,0.875
90,1.0
91,0.875
92,0.25
93,1.0
94,0.25
95,0.25
96,0.875
97,0.25
98,0.75
99,0.25
100,1.0
101,0.25
102,0.75
103,0.25
104,0.25
105,1.0
106,0.25
107,1.0
108,0.875
109,0.875
110,0.75
111,1.25
112,0.25
113,1.0
114,1.0
115,1.125
116,1.25
117,1.0
118,0.875
119,0.875
120,1.0
121,0.75
122,0.875
123,0.875
124,1.0
125,0.25
126,0.75
127,1.0
128,0.25
129,0.25
130,0.875
131,0.25
132,0.75
133,0.25
134,0.875
135,0.25
136,0.75
137,0.25
138,0.25
139,1.0
140,0.25
141,0.75
142,0.25
143,0.75
144,0.25
145,0.25
146,1.0
147,0.25
148,0.75
149,1.0
150,0.25
151,0.25
152,0.75
153,0.25
154,0.75
155,0.25
156,0.75
157,0.25
158,0.75
159,0.875
160,0.875
161,0.25
162,0.75
163,0.25
164,1.0
165,0.25
166,0.75
167,0.25
168,0.75
169,0.25
170,0.75
171,0.25
172,0.75
173,0.25
174,0.25
175,0.75
176,0.75
177,1.0
178,0.25
179,0.75
180,0.25
181,0.25
182,0.75
183,0.25
184,0.75
185,0.25
186,1.0
187,0.875
188,1.0
189,0.25
190,0.25
191,0.75
192,0.25
193,0.75
194,0.25
195,0.875
196,0.75
197,1.25
198,1.0
199,0.25
200,1.25
201,0.75
202,1.0
203,0.25
204,1.0
205,0.75
206,0.25
207,0.75
208,0.25
209,0.75
210,0.25
211,0.75
212,0.25
213,0.25
214,0.75
215,0.25
216,0.25
217,0.75
218,0.25
219,0.75
220,1.125
221,0.25
222,1.0
223,1.0
224,1.0
225,0.75
226,1.0
227,0.25
228,0.25
229,1.25
230,0.25
231,0.25
232,0.875
233,0.25
234,1.0
235,0.25
236,0.75
237,0.75
238,1.0
239,1.125
240,1.0
241,0.25
242,0.875
243,0.25
244,0.25
245,0.75
246,0.25
247,0.75
248,0.25
249,0.75
250,0.25
251,0.75
252,0.25
253,0.75
254,0.25
255,0.75
256,1.0
257,0.875
258,0.875
259,1.0
260,0.75
261,0.25
262,0.75
263,0.25
264,0.75
265,0.25
266,0.25
267,0.75
268,0.25
269,0.75
270,0.25
271,0.25
272,0.75
273,0.25
274,1.0
275,1.0
276,1.0
277,0.875
278,1.0
279,1.0
280,0.25
281,0.75
282,1.0
283,0.25
284,1.0
285,0.25
286,1.0
287,0.25
288,0.25
289,0.75
290,0.25
291,0.75
292,0.875
293,1.0
294,0.25
295,0.75
296,0.25
297,0.25
298,0.75
299,0.25
300,0.75
301,0.875
302,1.0
303,0.25
304,0.25
305,0.75
306,0.25
307,1.0
308,0.25
309,0.75
310,0.875
311,1.0
312,1.25
313,0.25
314,0.25
315,1.0
316,0.25
317,0.75
318,0.25
319,0.25
320,0.75
321,0.25
322,0.75
323,0.25
324,0.75
325,0.25
326,0.75
327,0.25
328,0.75
329,1.0
330,0.75
331,1.125
332,1.0
333,0.75
334,1.125
335,0.25
336,0.25
337,1.0
338,0.25
339,1.0
340,0.25
341,0.75
342,0.25
343,1.0
344,0.25
345,0.25
346,1.0
347,0.25
348,0.75
349,1.0
350,1.0
351,0.25
352,1.0
353,0.25
354,0.75
355,0.25
356,0.75
357,0.25
358,1.0
359,0.25
360,0.75
361,0.25
362,0.75
363,0.25
364,0.875
365,0.25
366,1.0
367,1.125
368,1.0
369,0.75
370,0.25
371,0.25
372,0.75
373,0.25
374,0.75
375,0.25
376,0.75
377,0.25
378,1.0
379,0.25
380,1.0
381,0.25
382,0.25
383,0.75
384,0.25
385,0.75
386,0.25
387,0.875
388,0.25
389,1.0
390,0.25
391,0.75
392,0.25
393,0.75
394,0.25
395,0.25
396,1.0
397,1.0
398,0.875
399,0.25
400,0.75
401,0.25
402,0.875
403,0.25
404,0.75
405,0.25
406,0.75
407,1.0
408,0.875
409,1.125
410,0.25
411,0.875
412,0.25
413,0.25
414,0.75
415,0.25
416,0.75
417,0.25
418,1.0
419,0.25
420,0.75
421,0.25
422,0.25
423,0.75
424,0.25
425,0.75
426,1.0
427,0.25
428,0.875
429,1.125
430,0.875
431,0.875
432,0.25
433,0.25
434,1.0
435,0.25
436,0.75
437,0.25
438,1.0
439,0.25
440,0.75
441,0.25
442,0.25
443,0.75
444,0.25
445,1.0
446,0.25
447,0.875
448,0.25
449,0.75
450,0.25
451,0.75
452,0.25
453,1.0
454,0.75
455,1.0
456,0.25
457,0.25
458,0.75
459,0.25
460,0.75
461,0.25
462,0.25
463,0.75
464,1.0
465,0.25
466,0.25
467,0.25
468,0.75
469,0.25
470,0.875
471,0.25
472,0.75
473,0.25
474,0.75
475,0.25
476,0.75
477,0.25
478,1.0
479,0.25
480,0.25
481,0.75
482,0.25
483,0.75
484,0.25
485,0.25
486,0.875
487,1.25
488,0.75
489,0.25
490,1.0
491,0.25
492,0.25
493,0.75
494,0.25
495,1.0
496,0.25
497,1.0
498,0.25
499,1.0
500,0.25
501,1.0
502,0.25
503,1.0
504,0.25
505,0.25
506,0.75
507,0.25
508,0.75
509,0.25
510,0.75
511,0.25
512,0.25
513,0.75
514,0.25
515,0.25
516,0.75
517,0.25
518,0.75
519,1.0
520,1.0
521,0.25
522,0.875
523,0.25
524,0.75
525,0.25
526,0.75
527,0.25
528,0.25
529,0.25
530,1.0
531,0.25
532,0.75
533,0.25
534,0.875
535,1.0
536,0.75
537,0.25
538,1.0
539,0.25
540,0.75
541,0.25
542,0.75
543,0.25
544,0.25
545,1.0
546,1.125
547,0.75
548,0.25
549,0.75
550,0.25
551,0.75
552,0.25
553,0.75
554,0.25
555,1.0
556,0.25
557,1.0
558,0.25
559,0.75
560,0.25
561,0.25
562,0.75
563,0.25
564,1.0
565,0.25
566,1.0
567,0.25
568,1.0
569,0.25
570,0.25
571,0.75
572,1.25
573,0.25
574,0.25
575,0.75
576,0.25
577,1.0
578,0.25
579,0.25
580,0.75
581,1.125
582,1.0
583,1.0
584,0.875
585,0.75
586,1.0
587,0.25
588,1.0
589,0.25
590,0.75
591,0.25
592,0.875
593,0.25
594,0.25
595,0.25
596,0.75
597,0.25
598,0.75
599,0.25
600,0.75
601,0.25
602,0.75
603,0.25
604,0.75
605,0.25
606,0.75
607,0.25
608,1.25
609,0.75
610,0.25
611,1.125
612,0.25
613,0.75
614,0.25
615,0.25
616,0.875
617,0.25
618,0.75
619,0.25
620,0.75
621,0.25
622,1.0
623,0.25
624,0.75
625,0.25
626,0.75
627,0.25
628,0.25
629,0.75
630,0.25
631,0.75
632,0.25
633,0.75
634,0.875
635,0.875
636,0.25
637,0.75
638,0.25
639,0.25
640,0.75
641,0.25
642,1.0
643,0.25
644,0.75
645,0.25
646,0.25
647,0.75
648,0.25
649,1.0
650,0.25
651,0.25
652,0.75
653,0.25
654,1.0
655,0.25
656,0.75
657,0.25
658,0.25
659,1.0
660,0.25
661,0.75
662,0.25
663,0.75
664,1.0
665,0.75
666,0.25
667,0.75
668,0.25
669,0.75
670,0.25
671,0.875
672,0.25
673,0.75
674,0.25
675,0.875
676,0.25
677,0.25
678,0.75
679,0.25
680,1.0
681,1.0
682,1.0
683,0.25
684,0.25
685,0.75
686,0.25
687,0.75
688,0.25
689,0.75
690,0.875
691,1.125
692,0.25
693,0.75
694,0.25
695,0.75
696,0.25
697,0.25
698,0.75
699,0.25
700,0.75
701,0.25
702,0.75
703,0.25
704,0.75
705,0.25
706,1.0
707,0.875
708,0.875
709,0.25
710,1.0
711,1.125
712,1.0
713,0.25
714,0.75
715,0.25
716,1.0
717,0.25
718,0.75
719,0.25
720,0.75
721,1.0
722,0.75
723,0.25
724,0.75
725,0.25
726,0.75
727,0.25
728,0.875
729,0.25
730,1.0
731,0.25
732,0.25
733,0.75
734,0.25
735,0.75
736,0.25
737,0.875
738,0.25
739,0.75
740,0.25
741,0.75
742,0.25
743,0.25
744,0.75
745,0.25
746,0.75
747,0.25
748,0.875
749,0.25
750,0.75
751,0.25
752,0.75
753,1.0
754,1.25
755,0.25
756,0.75
757,0.25
758,0.75
759,0.25
760,0.75
761,0.25
762,0.25
763,1.0
764,0.875
765,0.875
766,0.25
767,0.75
768,0.25
769,0.75
770,0.25
771,0.25
772,0.75
773,1.25
774,0.25
775,0.25
776,1.0
777,0.25
778,0.25
779,0.75
780,0.25
781,0.75
782,0.25
783,0.75
784,1.0
785,1.0
786,0.25
787,0.25
788,0.75
789,0.25
790,0.75
791,0.25
792,0.75
793,1.0
794,1.0
795,0.25
796,1.0
797,0.25
798,0.875
799,0.25
800,0.75
801,0.25
802,0.75
803,0.75
804,1.125
805,1.0
806,0.25
807,1.0
808,0.25
809,0.25
810,0.875
811,0.25
812,0.25
813,0.75
814,0.25
815,1.0
816,0.25
817,0.75
818,0.25
819,0.75
820,0.25
821,0.75
822,0.25
823,1.0
824,0.25
825,1.25
826,0.25
827,1.25
828,0.25
829,0.25
830,0.75
831,0.25
832,0.75
833,0.25
834,0.75
835,0.25
836,1.0
837,0.875
838,0.875
839,0.25
840,0.75
841,0.25
842,0.75
843,0.25
844,1.0
845,0.25
846,0.75
847,0.25
848,1.0
849,0.25
850,0.75
851,0.25
852,0.25
853,0.75
854,0.75
855,1.25
856,0.75
857,1.0
858,0.25
859,0.75
860,0.25
861,0.25
862,1.0
863,0.25
864,0.75
865,0.875
866,0.875
867,0.25
868,0.875
869,0.25
870,0.25
871,1.0
872,0.25
873,0.75
874,0.25
875,1.0
876,1.125
877,0.25
878,0.25
879,0.25
880,0.75
881,0.25
882,0.75
883,0.25
884,0.75
885,1.0
886,0.25
887,0.75
888,1.125
889,1.0
890,0.75
891,0.25
892,1.0
893,0.25
894,0.75
895,0.25
896,0.25
897,0.75
898,0.25
899,0.75
900,0.25
901,0.25
902,0.875
903,0.25
904,0.75
905,0.875
906,1.25
907,0.75
908,1.0
909,0.25
910,1.0
911,0.25
912,0.75
913,0.25
914,1.0
915,0.25
916,0.25
917,0.75
918,0.25
919,0.75
920,0.25
921,0.75
922,0.25
923,1.0
924,1.0
925,0.75
926,0.25
927,0.75
928,0.25
929,0.75
930,0.25
931,1.0
932,0.25
933,0.75
934,0.25
935,1.0
936,0.25
937,1.0
938,0.25
939,0.25
940,0.75
941,0.25
942,0.75
943,0.25
944,0.75
945,0.25
946,0.75
947,0.25
948,0.75
949,0.875
950,0.875
951,0.875
952,1.125
953,0.25
954,0.75
955,0.25
956,0.75
957,0.25
958,0.25
959,0.75
960,0.25
961,0.875
962,0.25
963,1.0
964,0.25
965,0.75
966,0.25
967,0.75
968,1.0
969,0.25
970,0.75
971,0.25
972,0.75
973,0.25
974,0.75
975,0.25
976,0.25
977,0.75
978,0.25
979,0.75
980,0.25
981,0.75
982,0.25
983,0.75
984,1.0
985,0.875
986,1.0
987,0.75
988,0.875
989,1.0
990,0.25
991,1.0
992,0.25
993,0.75
994,0.25
995,0.25
996,1.0
997,0.25
998,0.75
999,0.25
1000,0.25
1001,1.0
1002,0.25
1003,0.75
1004,0.25
1005,0.75
1006,0.25
1007,0.75
1008,0.25
1009,0.75
1010,0.25
1011,0.25
1012,0.75
1013,0.25
1014,0.75
1015,0.25
1016,1.0
1017,0.25
1018,0.75
1019,1.0
1020,0.75
1021,0.25
1022,0.75
1023,0.25
1024,1.0
1025,0.25
1026,0.25
1027,0.75
1028,1.0
1029,0.25
1030,0.25
1031,0.75
1032,0.25
1033,0.25
1034,0.75
1035,0.25
1036,1.0
1037,0.25
1038,1.0
1039,0.25
1040,0.75
1041,0.25
1042,0.75
1043,0.25
1044,1.0
1045,1.0
1046,1.0
1047,0.25
1048,0.75
1049,1.0
1050,0.75
1051,1.0
1052,0.25
1053,0.75
1054,0.25
1055,0.75
1056,0.25
1057,0.75
1058,0.25
1059,1.0
1060,0.875
1061,1.0
1062,0.875
1063,1.0
1064,0.75
1065,1.0
1066,0.875
1067,0.25
1068,0.875
1069,0.25
1070,0.25
1071,0.75
1072,0.25
1073,0.75
1074,0.25
1075,0.75
1076,0.25
1077,0.75
1078,0.25
1079,0.75
1080,0.25
1081,1.0
1082,1.0
1083,0.25
1084,0.25
1085,0.875
1086,0.25
1087,1.0
1088,0.25
1089,0.75
1090,0.875
1091,0.875
1092,0.25
1093,1.0
1094,0.25
1095,0.75
1096,0.25
1097,0.25
1098,0.75
1099,0.25
1100,0.75
1101,0.75
1102,1.0
1103,0.25
1104,0.25
1105,0.75
1106,0.25
1107,0.75
1108,0.25
1109,0.75
1110,0.25
1111,0.75
1112,0.25
1113,1.0
1114,0.25
1115,0.25
1116,1.0
1117,1.0
1118,0.25
1119,0.25
1120,0.75
1121,0.25
1122,0.75
1123,0.25
1124,0.25
1125,0.75
1126,0.25
1127,0.75
1128,0.25
1129,0.25
1130,0.75
1131,0.25
1132,0.75
1133,1.0
1134,0.25
1135,0.25
1136,0.75
1137,0.25
1138,0.75
1139,0.25
1140,1.0
1141,0.25
1142,0.25
1143,1.0
1144,0.25
1145,0.75
1146,0.25
1147,0.75
1148,0.25
1149,1.125
1150,0.25
1151,0.875
1152,1.25
1153,0.875
1154,0.875
1155,1.0
1156,0.25
1157,0.25
1158,0.25
1159,1.0
1160,0.25
1161,0.75
1162,0.25
1163,0.75
1164,0.875
1165,0.875
1166,1.0
1167,0.75
1168,1.0
1169,0.25
1170,0.25
1171,1.0
1172,0.875
1173,0.875
1174,1.125
1175,0.25
1176,1.0
1177,0.75
1178,0.25
1179,0.25
1180,0.875
1181,0.25
1182,1.0
1183,0.25
1184,0.75
1185,0.25
1186,0.75
1187,0.25
1188,1.0
1189,0.25
1190,0.75
1191,0.25
1192,0.75
1193,0.25
1194,0.75
1195,0.25
1196,0.75
1197,0.25
1198,0.25
1199,0.875
1200,0.875
1201,0.875
1202,0.875
1203,0.875
1204,0.25
1205,0.75
1206,0.25
1207,0.75
1208,0.25
1209,0.75
1210,0.25
1211,0.875
1212,0.25
1213,0.75
1214,0.25
1215,1.0
1216,0.25
1217,1.0
1218,0.25
1219,0.75
1220,1.0
1221,1.0
1222,0.25
1223,1.0
1224,0.25
1225,1.0
1226,0.25
1227,0.75
1228,0.25
1229,0.75
1230,0.25
1231,0.75
1232,0.25
1233,0.25
1234,0.75
1235,0.25
1236,1.0
1237,0.25
1238,0.75
1239,1.0
1240,0.25
1241,1.125
1242,0.875
1243,1.0
1244,0.875
1245,1.0
1246,1.0
1247,0.75
1248,1.0
1249,0.25
1250,0.875
1251,0.25
1252,0.25
1253,0.75
1254,0.25
1255,1.0
1256,0.25
1257,0.875
1258,0.25
1259,0.75
1260,0.25
1261,0.75
1262,0.25
1263,0.75
1264,0.25
1265,1.0
1266,0.75
1267,1.0
1268,0.25
1269,0.875
1270,0.25
1271,0.875
1272,0.25
1273,1.0
1274,0.25
1275,0.25
1276,0.75
1277,0.25
1278,0.75
1279,0.25
1280,0.25
1281,0.75
1282,0.25
1283,1.25
1284,0.25
1285,1.125
1286,0.25
1287,0.25
1288,0.75
1289,0.25
1290,0.75
1291,0.25
1292,0.75
1293,1.0
1294,0.75
1295,0.75
1296,1.0
1297,0.25
1298,0.75
1299,0.25
1300,0.75
1301,0.25
1302,0.75
1303,0.25
1304,0.75
1305,0.25
1306,1.0
1307,0.25
1308,1.0
1309,0.25
1310,0.75
1311,0.25
1312,0.25
1313,0.875
1314,0.25
1315,0.75
1316,0.25
1317,0.25
1318,0.75
1319,1.0
1320,1.125
1321,1.0
1322,1.0
1323,0.25
1324,0.25
1325,0.75
1326,0.25
1327,1.0
1328,0.25
1329,0.75
1330,0.25
1331,1.0
1332,0.25
1333,0.25
1334,0.75
1335,0.25
1336,0.75
1337,1.0
1338,0.25
1339,0.75
1340,1.0
1341,0.75
1342,1.0
1343,0.875
1344,0.875
1345,0.25
1346,0.75
1347,0.25
1348,0.25
1349,0.75
1350,0.25
1351,0.75
1352,0.25
1353,0.75
1354,0.25
1355,0.75
1356,0.25
1357,0.875
1358,0.25
1359,1.125
1360,0.875
1361,0.875
1362,0.875
1363,1.125
1364,0.75
1365,1.25
1366,0.75
1367,1.0
1368,0.75
1369,1.0
1370,0.875
1371,1.25
1372,0.75
1373,0.25
1374,0.75
1375,0.25
1376,0.75
1377,0.25
1378,0.75
1379,0.25
1380,1.125
1381,0.875
1382,0.25
1383,0.75
1384,0.25
1385,0.75
1386,0.25
1387,0.75
1388,0.25
1389,0.75
1390,1.0
1391,0.75
1392,0.25
1393,1.0
1394,0.25
1395,0.75
1396,0.25
1397,0.75
1398,0.25
1399,0.75
1400,0.25
1401,1.125
1402,0.75
1403,0.25
1404,0.75
1405,0.25
1406,0.25
1407,1.0
1408,0.25
1409,0.75
1410,1.0
1411,0.875
1412,0.875
1413,1.25
1414,0.25
1415,0.75
1416,0.25
1417,0.75
1418,0.25
1419,0.25
1420,0.75
1421,0.25
1422,0.875
1423,0.25
1424,0.75
1425,0.25
1426,0.25
1427,1.0
1428,0.25
1429,0.75
1430,0.25
1431,1.0
1432,0.25
1433,0.75
1434,0.25
1435,0.875
1436,1.0
1437,1.0
1438,1.0
1439,1.0
1440,0.875
1441,0.25
1442,1.0
1443,0.25
1444,1.0
1445,0.25
1446,0.75
1447,0.25
1448,0.25
1449,0.75
1450,0.25
1451,0.75
1452,0.25
1453,0.25
1454,0.75
1455,0.25
1456,0.875
1457,0.25
1458,0.25
1459,1.0
1460,0.25
1461,1.0
1462,0.25
1463,0.75
1464,0.25
1465,0.875
1466,0.25
1467,0.75
1468,0.25
1469,1.0
1470,0.25
1471,0.25
1472,0.75
1473,0.25
1474,0.25
1475,0.875
1476,0.25
1477,1.0
1478,0.25
1479,1.0
1480,0.25
1481,1.0
1482,0.25
1483,0.875
1484,0.25
1485,0.875
1486,0.25
1487,1.0
1488,1.125
1489,1.0
1490,0.875
1491,0.875
1492,0.75
1493,1.0
1494,1.0
1495,0.25
1496,1.125
1497,0.875
1498,0.25
1499,0.75
1500,0.25
1501,0.75
1502,0.25
1503,0.25
1504,0.75
1505,0.75
1506,1.25
1507,0.875
1508,1.0
1509,0.25
1510,0.75
1511,0.25
1512,0.75
1513,0.25
1514,0.75
1515,0.25
1516,1.0
1517,0.75
1518,1.0
1519,1.0
1520,0.75
1521,0.25
1522,1.25
1523,1.0
1524,0.25
1525,1.0
1526,0.25
1527,0.875
1528,0.875
1529,0.875
1530,1.125
1531,0.25
1532,1.0
1533,0.25
1534,0.25
1535,1.0
1536,0.25
1537,0.75
1538,0.25
1539,0.75
1540,0.25
1541,1.0
1542,0.25
1543,0.75
1544,0.25
1545,0.25
1546,0.875
1547,0.25
1548,1.0
1549,0.25
1550,0.25
1551,0.75
1552,0.875
1553,1.125
1554,0.875
1555,1.0
1556,1.25
1557,0.75
1558,0.25
1559,0.75
1560,0.25
1561,0.75
1562,0.25
1563,0.25
1564,0.75
1565,0.25
1566,1.0
1567,0.25
1568,0.875
1569,0.25
1570,0.75
1571,0.25
1572,0.25
1573,0.75
1574,0.25
1575,0.875
1576,0.25
1577,0.75
1578,0.25
1579,0.25
1580,0.75
1581,0.25
1582,1.0
1583,0.875
1584,1.0
1585,0.25
1586,0.875
1587,0.25
1588,0.25
1589,0.75
1590,0.25
1591,0.75
1592,0.25
1593,0.875
1594,0.25
1595,0.75
1596,0.25
1597,0.25
1598,1.0
1599,0.75
1600,1.25
1601,0.25
1602,0.25
1603,0.75
1604,0.25
1605,0.75
1606,0.25
1607,0.75
1608,0.25
1609,1.25
1610,0.25
1611,0.75
1612,0.25
1613,0.25
1614,1.0
1615,0.25
1616,0.75
1617,0.25
1618,1.0
1619,0.875
1620,0.875
1621,1.125
1622,0.25
1623,0.25
1624,0.25
1625,0.75
1626,0.25
1627,0.75
1628,0.25
1629,0.875
1630,1.125
1631,0.875
1632,1.25
1633,0.75
1634,0.75
1635,1.0
1636,0.25
1637,0.25
1638,0.75
1639,0.25
1640,0.75
1641,0.25
1642,0.875
1643,1.125
1644,0.75
1645,0.25
1646,0.75
1647,0.25
1648,1.0
1649,0.25
1650,1.0
1651,0.25
1652,0.25
1653,1.0
1654,0.25
1655,0.75
1656,0.25
1657,0.25
1658,0.875
1659,0.875
1660,0.875
1661,0.25
1662,0.75
1663,0.25
1664,0.75
1665,0.25
1666,0.25
1667,0.75
1668,0.25
1669,0.75
1670,0.25
1671,0.75
1672,0.25
1673,0.25
1674,0.75
1675,0.25
1676,1.0
1677,0.25
1678,0.875
1679,0.25
1680,0.25
1681,1.0
1682,0.25
1683,0.75
1684,0.25
1685,0.25
1686,1.0
1687,0.25
1688,0.75
1689,0.25
1690,1.0
1691,0.25
1692,0.75
1693,0.25
1694,1.0
1695,0.25
1696,0.25
1697,0.75
1698,1.0
1699,0.75
1700,1.25
1701,0.75
1702,0.25
1703,0.75
1704,0.25
1705,0.25
1706,0.75
1707,0.25
1708,0.875
1709,0.25
1710,1.0
1711,0.25
1712,1.0
1713,0.25
1714,0.75
1715,0.25
1716,1.0
1717,1.0
1718,0.875
1719,1.125
1720,0.875
1721,0.25
1722,1.0
1723,0.25
1724,1.25
1725,0.25
1726,1.0
1727,0.875
1728,1.125
1729,1.125
1730,0.25
1731,0.25
1732,0.75
1733,0.25
1734,1.0
1735,0.25
1736,1.0
1737,0.25
1738,0.75
1739,0.25
1740,1.0
1741,1.125
1742,1.0
1743,1.125
1744,0.875
1745,1.0
1746,0.75
1747,0.25
1748,0.25
1749,0.75
1750,0.25
1751,0.75
1752,0.25
1753,0.75
1754,0.25
1755,0.75
1756,0.25
1757,0.75
1758,0.25
1759,0.25
1760,0.875
1761,0.25
1762,0.75
1763,0.25
1764,0.75
1765,0.25
1766,0.875
1767,0.25
1768,0.25
1769,1.25
1770,0.25
1771,0.25
1772,1.0
1773,0.25
1774,0.875
1775,0.25
1776,0.75
1777,0.875
1778,0.875
1779,0.875
1780,1.125
1781,0.25
1782,0.75
1783,0.25
1784,0.75
1785,0.25
1786,0.75
1787,0.25
1788,0.75
1789,0.875
1790,1.0
1791,0.25
1792,0.875
1793,0.25
1794,1.0
1795,0.25
1796,0.25
1797,0.75
1798,0.25
1799,1.0
1800,0.25
1801,0.75
1802,0.25
1803,0.25
1804,0.75
1805,0.25
1806,0.875
1807,1.0
1808,0.25
1809,0.25
1810,0.75
1811,0.25
1812,0.25
1813,0.75
1814,0.25
1815,0.75
1816,0.25
1817,0.875
1818,0.25
1819,0.25
1820,0.75
1821,0.25
1822,1.0
1823,1.0
1824,0.75
1825,1.0
1826,0.875
1827,1.0
1828,0.875
1829,1.125
1830,0.75
1831,0.75
1832,1.0
1833,1.0
1834,0.75
1835,0.25
1836,0.75
1837,0.25
1838,1.0
1839,0.25
1840,1.0
1841,0.25
1842,1.0
1843,1.0
1844,0.75
1845,0.25
1846,1.0
1847,0.25
1848,0.75
1849,0.25
1850,0.25
1851,0.875
1852,0.25
1853,0.875
1854,0.25
1855,0.75
1856,0.25
1857,0.75
1858,0.25
1859,0.25
1860,1.0
1861,1.25
1862,0.25
1863,0.25
1864,0.75
1865,0.25
1866,0.75
1867,0.25
1868,0.875
1869,0.25
1870,0.25
1871,1.25
1872,1.0
1873,1.0
1874,0.25
1875,1.0
1876,1.0
1877,1.25
1878,0.25
1879,1.0
1880,1.25
1881,0.75
1882,0.25
1883,0.75
1884,0.25
1885,0.75
1886,0.25
1887,0.875
1888,0.25
1889,0.25
1890,0.75
1891,0.25
1892,0.75
1893,0.25
1894,0.75
1895,0.25
1896,0.25
1897,0.25
1898,1.0
1899,0.25
1900,0.75
1901,0.25
1902,1.0
1903,1.25
1904,0.25
1905,0.25
1906,0.75
1907,0.25
1908,0.75
1909,0.25
1910,1.0
1911,0.25
1912,0.75
1913,1.25
1914,0.75
1915,1.0
1916,1.125
1917,0.875
1918,0.25
1919,0.75
1920,0.25
1921,0.75
1922,0.25
1923,0.75
1924,0.25
1925,1.0
1926,1.125
1927,0.75
1928,0.25
1929,0.75
1930,0.25
1931,1.0
1932,0.25
1933,0.25
1934,0.75
1935,0.75
1936,1.0
1937,0.25
1938,0.75
1939,0.25
1940,0.75
1941,0.25
1942,0.75
1943,0.25
1944,0.75
1945,1.125
1946,0.875
1947,1.0
1948,0.25
1949,0.75
1950,0.25
1951,0.75
1952,0.25
1953,0.75
1954,0.25
1955,0.75
1956,0.25
1957,0.75
1958,0.25
1959,0.75
1960,0.25
1961,1.0
1962,0.25
1963,0.25
1964,0.75
1965,0.25
1966,1.0
1967,0.25
1968,0.875
1969,0.25
1970,0.75
1971,0.25
1972,1.0
1973,0.25
1974,1.0
1975,0.25
1976,0.25
1977,0.75
1978,0.25
1979,0.75
1980,1.25
1981,0.75
1982,1.0
1983,0.25
1984,0.25
1985,1.0
1986,0.25
1987,0.75
1988,0.25
1989,1.0
1990,0.25
1991,0.75
1992,0.25
1993,1.0
1994,0.25
1995,0.25
1996,0.75
1997,0.25
1998,0.75
1999,0.25
2000,0.75
2001,1.0
2002,0.75
2003,0.875
2004,1.0
2005,1.0
2006,0.25
2007,0.875
2008,1.25
2009,0.875
2010,0.875
2011,0.75
2012,1.0
2013,0.875
2014,1.0
2015,1.0
2016,0.25
2017,1.0
2018,0.75
2019,1.0
2020,0.75
2021,1.0
2022,1.0
2023,0.25
2024,1.125
2025,0.25
2026,1.0
2027,1.125
2028,0.25
2029,0.25
2030,1.0
2031,0.875
2032,0.875
2033,0.25
2034,1.0
2035,0.75
2036,1.0
2037,0.25
2038,0.75
2039,0.25
2040,0.25
2041,0.75
2042,0.25
2043,0.75
2044,0.25
2045,0.75
2046,0.25
2047,0.75
2048,0.25
2049,1.0
2050,0.25
2051,0.75
2052,0.25
2053,1.25
2054,0.25
2055,0.25
2056,1.0
2057,0.25
2058,0.75
2059,0.25
2060,0.75
2061,0.25
2062,1.0
2063,0.25
2064,0.25
2065,0.75
2066,0.25
2067,0.75
2068,0.25
2069,0.875
2070,1.0
2071,0.25
2072,0.75
2073,1.0
2074,1.0
2075,0.75
2076,0.25
2077,0.25
2078,1.0
2079,0.25
2080,1.0
2081,0.25
2082,1.0
2083,1.25
2084,0.75
2085,0.75
2086,1.0
2087,1.0
2088,0.75
2089,0.875
2090,1.125
2091,0.25
2092,0.25
2093,0.75
2094,0.25
2095,1.0
2096,0.25
2097,0.75
2098,0.75
2099,1.0
2100,0.25
2101,0.75
2102,0.25
2103,0.75
2104,0.25
2105,0.75
2106,0.25
2107,0.75
2108,0.75
2109,1.125
2110,1.25
2111,0.75
2112,0.25
2113,0.75
2114,0.25
2115,0.25
2116,0.75
2117,0.25
2118,0.75
2119,0.25
2120,1.0
2121,0.25
2122,0.25
2123,0.75
2124,0.25
2125,0.75
2126,0.25
2127,0.75
2128,0.25
2129,0.75
2130,0.25
2131,0.75
2132,0.25
2133,0.25
2134,0.75
2135,0.25
2136,0.75
2137,0.25
2138,0.25
2139,0.75
2140,1.0
2141,0.25
2142,1.0
2143,1.0
2144,0.25
2145,0.25
2146,0.75
2147,0.25
2148,0.75
2149,0.25
2150,0.75
2151,0.25
2152,0.25
2153,0.75
2154,0.25
2155,0.75
2156,0.25
2157,0.75
2158,0.25
2159,0.25
2160,0.75
2161,0.25
2162,0.75
2163,0.25
2164,0.75
2165,0.75
2166,1.25
2167,0.25
2168,0.75
2169,0.25
2170,0.75
2171,0.25
2172,0.25
2173,1.0
2174,0.25
2175,0.75
2176,0.25
2177,0.875
2178,0.25
2179,0.75
2180,0.25
2181,0.75
2182,0.25
2183,1.125
2184,1.125
2185,1.125
2186,1.125
2187,1.125
2188,0.25
2189,0.875
2190,0.25
2191,0.75
2192,0.25
2193,0.75
2194,0.25
2195,0.25
2196,1.0
2197,0.25
2198,0.25
2199,1.0
2200,0.25
2201,0.75
2202,1.0
2203,0.25
2204,1.25
2205,0.75
2206,0.25
2207,0.75
2208,0.25
2209,0.75
2210,0.25
2211,0.25
2212,0.75
2213,0.25
2214,1.25
2215,0.25
2216,1.0
2217,1.0
2218,0.25
2219,0.25
2220,1.0
2221,0.25
2222,1.0
2223,0.25
2224,0.25
2225,0.75
2226,0.25
2227,1.0
2228,0.25
2229,1.0
2230,0.25
2231,0.875
2232,0.25
2233,0.75
2234,0.25
2235,0.75
2236,0.25
2237,0.75
2238,0.25
2239,0.25
2240,0.75
2241,1.0
2242,0.75
2243,1.0
2244,1.0
2245,1.0
2246,0.25
2247,1.0
2248,0.25
2249,1.125
2250,0.875
2251,1.125
2252,1.0
2253,0.25
2254,0.75
2255,0.25
2256,0.75
2257,0.25
2258,0.75
2259,0.25
2260,0.75
2261,0.25
2262,0.75
2263,0.25
2264,0.75
2265,0.25
2266,0.75
2267,0.25
2268,0.75
2269,0.875
2270,0.875
2271,0.25
2272,0.75
2273,0.25
2274,1.0
2275,0.25
2276,0.25
2277,0.75
2278,0.25
2279,0.25
2280,0.75
2281,0.25
2282,1.0
2283,0.25
2284,0.875
2285,1.0
2286,0.875
2287,0.875
2288,1.125
2289,0.25
2290,0.75
2291,0.25
2292,0.25
2293,1.0
2294,0.25
2295,0.75
2296,1.25
2297,0.25
2298,1.125
2299,1.125
2300,0.25
2301,0.75
2302,0.25
2303,0.75
2304,0.25
2305,0.75
2306,0.25
2307,0.25
2308,1.0
2309,1.25
2310,0.25
2311,0.75
2312,1.0
2313,1.0
2314,0.25
2315,0.875
2316,0.875
2317,0.875
2318,1.125
2319,0.75
2320,1.0
2321,0.25
2322,0.75
2323,0.25
2324,0.75
2325,0.25
2326,1.0
2327,0.25
2328,1.0
2329,0.25
2330,0.25
2331,1.0
2332,0.25
2333,0.75
2334,0.25
2335,0.25
2336,0.75
2337,0.25
2338,1.0
2339,0.25
2340,0.75
2341,0.25
2342,1.0
2343,0.25
2344,1.0
2345,0.25
2346,0.75
2347,1.0
2348,0.25
2349,0.25
2350,0.25
2351,1.0
2352,0.25
2353,0.75
2354,0.25
2355,0.75
2356,1.0
2357,0.25
2358,0.75
2359,1.125
2360,0.25
2361,0.75
2362,0.25
2363,0.75
2364,0.25
2365,0.25
2366,0.75
2367,0.875
2368,0.875
2369,0.25
2370,1.0
2371,0.25
2372,0.75
2373,0.25
2374,0.75
2375,0.25
2376,0.25
2377,0.75
2378,0.25
2379,0.875
2380,0.25
2381,0.25
2382,0.75
2383,0.25
2384,0.25
2385,0.75
2386,0.25
2387,0.75
2388,0.25
2389,0.75
2390,0.25
2391,1.0
2392,0.25
2393,0.75
2394,0.25
2395,0.75
2396,0.25
2397,0.75
2398,0.25
2399,1.0
2400,1.0
2401,0.875
2402,0.75
2403,1.0
2404,0.25
2405,0.75
2406,0.25
2407,0.75
2408,0.25
2409,0.75
2410,0.25
2411,0.75
2412,0.25
2413,0.25
2414,0.75
2415,0.25
2416,0.75
2417,0.25
2418,1.0
2419,0.25
2420,0.75
2421,0.25
2422,0.875
2423,0.25
2424,0.75
2425,0.25
2426,0.75
2427,0.25
2428,0.75
2429,0.25
2430,0.75
2431,0.25
2432,0.75
2433,0.25
2434,0.25
2435,0.25
2436,0.875
2437,0.25
2438,0.75
2439,0.25
2440,0.75
2441,0.25
2442,0.875
2443,0.25
2444,1.0
2445,0.25
2446,1.0
2447,0.25
2448,0.25
2449,1.0
2450,0.25
2451,0.25
2452,0.75
2453,0.25
2454,0.75
2455,1.125
2456,0.75
2457,0.25
2458,0.75
2459,0.25
2460,0.25
2461,0.75
2462,0.25
2463,0.75
2464,0.75
2465,1.0
2466,0.25
2467,0.75
2468,0.25
2469,0.75
2470,0.25
2471,0.25
2472,0.75
2473,1.0
2474,0.75
2475,0.25
2476,0.25
2477,0.75
2478,0.25
2479,0.75
2480,0.25
2481,0.75
2482,0.25
2483,0.75
2484,0.25
2485,0.25
2486,1.0
2487,0.25
2488,0.75
2489,0.25
2490,1.0
2491,1.0
2492,1.0
2493,0.25
2494,0.75
2495,0.25
2496,0.75
2497,0.25
2498,0.75
2499,0.25
2500,1.125
2501,0.75
2502,0.25
2503,0.75
2504,0.25
2505,0.75
2506,0.25
2507,0.25
2508,0.75
2509,1.0
2510,1.0
2511,1.0
2512,0.75
2513,0.25
2514,1.0
2515,0.25
2516,1.125
2517,0.75
2518,1.0
2519,1.0
2520,0.25
2521,0.875
2522,0.875
2523,0.875
2524,0.875
2525,0.25
2526,0.25
2527,0.75
2528,0.25
2529,0.75
2530,0.25
2531,1.0
2532,0.25
2533,1.0
